submission_id;question_id;module_id;teacher;option_id;answer_value
1;1;;;1;
2;1;;;1;
3;1;;;1;
4;1;;;4;
5;1;;;6;
5;2;;;10;
6;2;;;7;
6;2;;;10;
6;2;;;13;
5;3;;;;pas assez dasso
6;3;;;;nullll
5;4;;;;plus dassociation notmaent de sport
6;4;;;;changez nous de campus
2;5;;;;ajouter un terrain de volley
4;5;;;;Très belle école
2;6;;;14;
3;6;;;14;
4;6;;;17;
5;6;;;19;
5;7;;;21;
6;7;;;20;
6;7;;;22;
6;7;;;23;
5;8;;;;Le module manque de clarté dans l’organisation. Les notions abordées sont intéressantes, mais les explications restent parfois trop rapides et les consignes ne sont pas toujours assez précises.
6;8;;;;les pofs sont nuuuuuls
5;9;;;;Le module manque de clarté dans l’organisation.
6;9;;;;des TP longs comme le bras interminalbes
2;10;;;;so far so good
4;10;;;;Cursus assez complet
1;11;2;Xavier C.;24;
2;11;2;Xavier C.;25;
3;11;2;Xavier C.;24;
4;11;2;Xavier C.;24;
5;11;2;Xavier C.;24;
1;12;2;Xavier C.;26;
3;12;2;Xavier C.;26;
4;12;2;Xavier C.;29;
5;12;2;Xavier C.;31;
5;13;2;Xavier C.;32;
6;13;2;Xavier C.;32;
6;13;2;Xavier C.;36;
6;13;2;Xavier C.;39;
5;14;2;Xavier C.;;Beaucoup trop de charge de tavaille.
6;14;2;Xavier C.;;Je suis globalement déçu par ce cours. Je n’ai pas eu l’impression de progresser malgré le temps passé dessus.
5;15;2;Xavier C.;;Le contenu pourrait être intéressant, mais le cours manque de structure. J’ai eu du mal à comprendre les objectifs réels du module et ce qui était attendu dans les travaux demandés.
2;16;2;Xavier C.;;bonne pédagogie
4;16;2;Xavier C.;;Je suis très satisfait de la qualité des enseignements. Les professeurs sont disponibles, pédagogues et prennent le temps de répondre aux questions. Cela aide beaucoup à progresser.
1;11;3;Xavier C.;24;
2;11;3;Xavier C.;25;
3;11;3;Xavier C.;24;
4;11;3;Xavier C.;24;
5;11;3;Xavier C.;24;
1;12;3;Xavier C.;26;
3;12;3;Xavier C.;26;
4;12;3;Xavier C.;29;
5;12;3;Xavier C.;31;
5;13;3;Xavier C.;34;
5;13;3;Xavier C.;36;
6;13;3;Xavier C.;32;
6;13;3;Xavier C.;35;
6;13;3;Xavier C.;39;
5;14;3;Xavier C.;;Les notions sont importantes, mais elles ne sont pas toujours suffisamment expliquées.
6;14;3;Xavier C.;;Le cours manque clairement de structure. On passe d’un sujet à l’autre sans vraie logique, ce qui rend la compréhension très difficile.
5;15;3;Xavier C.;;Il faudrait davantage d’exemples concrets et de corrections détaillées pour mieux suivre.
6;15;3;Xavier C.;;Je n’ai pas trouvé ce cours utile. Les explications restent trop théoriques et il manque des exemples concrets pour vraiment comprendre.
2;16;3;Xavier C.;;bon
4;16;3;Xavier C.;;Les cours sont bien organisés et les enseignants maîtrisent très bien leurs sujets. Les supports sont utiles et les notions importantes sont bien expliquées.
1;11;1;Théo B.;24;
2;11;1;Théo B.;25;
3;11;1;Théo B.;24;
4;11;1;Théo B.;24;
5;11;1;Théo B.;24;
1;12;1;Théo B.;26;
3;12;1;Théo B.;26;
4;12;1;Théo B.;29;
5;13;1;Théo B.;34;
6;13;1;Théo B.;32;
6;13;1;Théo B.;35;
6;13;1;Théo B.;39;
5;14;1;Théo B.;;Le module manque de clarté dans l’organisation. Les notions abordées sont intéressantes, mais les explications restent parfois trop rapides et les consignes ne sont pas toujours assez précises.
6;14;1;Théo B.;;boffff
5;15;1;Théo B.;;Le contenu pourrait être intéressant, mais le cours manque de structure. J’ai eu du mal à comprendre les objectifs réels du module et ce qui était attendu dans les travaux demandés.
2;16;1;Théo B.;;bon prof
4;16;1;Théo B.;;Les enseignants sont très investis et savent rendre les cours intéressants. Les explications sont claires, les exemples sont pertinents et l’ambiance en cours donne envie de participer.
1;11;6;Enzo F.;24;
2;11;6;Enzo F.;25;
3;11;6;Enzo F.;24;
4;11;6;Enzo F.;24;
5;11;6;Enzo F.;24;
1;12;6;Enzo F.;26;
3;12;6;Enzo F.;26;
4;12;6;Enzo F.;29;
5;12;6;Enzo F.;31;
5;13;6;Enzo F.;32;
5;13;6;Enzo F.;36;
5;13;6;Enzo F.;38;
6;13;6;Enzo F.;32;
6;13;6;Enzo F.;35;
6;13;6;Enzo F.;39;
5;14;6;Enzo F.;;Le sujet est actuel et motivant, mais le module pourrait être mieux cadré.
6;14;6;Enzo F.;;Le cours manque d’interaction. On a surtout l’impression d’écouter passivement sans être vraiment impliqués.
5;15;6;Enzo F.;;Les attentes ne sont pas toujours claires et certains points restent trop superficiels.
6;15;6;Enzo F.;;Les explications ne sont pas assez pédagogiques. Certaines notions complexes sont présentées trop rapidement, sans accompagnement suffisant.
2;16;6;Enzo F.;;...
4;16;6;Enzo F.;;Les enseignants sont très investis et savent rendre les cours intéressants. Les explications sont claires, les exemples sont pertinents et l’ambiance en cours donne envie de participer.
1;11;4;Thalita D.;24;
2;11;4;Thalita D.;25;
3;11;4;Thalita D.;24;
4;11;4;Thalita D.;24;
5;11;4;Thalita D.;24;
1;12;4;Thalita D.;26;
3;12;4;Thalita D.;26;
4;12;4;Thalita D.;29;
5;12;4;Thalita D.;31;
5;13;4;Thalita D.;33;
5;13;4;Thalita D.;36;
5;13;4;Thalita D.;38;
6;13;4;Thalita D.;32;
6;13;4;Thalita D.;35;
6;13;4;Thalita D.;39;
5;14;4;Thalita D.;;Le module est dense et le rythme est parfois trop rapide. Certaines notions complexes mériteraient d’être reprises plus progressivement avec plus d’exercices guidés.
6;14;4;Thalita D.;;Le rythme du cours est mal adapté. Certaines notions importantes sont survolées alors que d’autres moins utiles prennent beaucoup trop de temps.
5;15;4;Thalita D.;;Certaines notions complexes mériteraient d’être reprises plus progressivement avec plus d’exercices guidés.
6;15;4;Thalita D.;;Les supports de cours ne sont pas assez clairs. Ils ne permettent pas de retravailler correctement les notions après la séance.
2;16;4;Thalita D.;;très bonne prof
4;16;4;Thalita D.;;J’ai beaucoup apprécié l’implication des professeurs. Ils rendent les séances dynamiques et accessibles, même lorsque les notions sont complexes.
1;11;5;Maksim K.;24;
2;11;5;Maksim K.;25;
3;11;5;Maksim K.;24;
4;11;5;Maksim K.;24;
5;11;5;Maksim K.;24;
1;12;5;Maksim K.;26;
3;12;5;Maksim K.;26;
4;12;5;Maksim K.;30;
5;12;5;Maksim K.;31;
5;13;5;Maksim K.;33;
5;13;5;Maksim K.;36;
5;13;5;Maksim K.;38;
6;13;5;Maksim K.;32;
6;13;5;Maksim K.;35;
6;13;5;Maksim K.;39;
5;14;5;Maksim K.;;Le cours manque parfois de pédagogie et d’exemples pratiques.
6;14;5;Maksim K.;;Je suis globalement déçu par ce cours. Je n’ai pas eu l’impression de progresser malgré le temps passé dessus.
5;15;5;Maksim K.;;Les concepts sont intéressants, mais l’apprentissage reste difficile lorsque les explications ne sont pas assez détaillées.
6;15;5;Maksim K.;;Les consignes données pour les exercices et les projets sont souvent floues. Cela crée beaucoup de confusion et de perte de temps.
2;16;5;Maksim K.;;ras
4;16;5;Maksim K.;;Les enseignants sont motivants et à l’écoute. On sent qu’ils cherchent vraiment à nous accompagner et à nous faire comprendre les concepts en profondeur.
1;11;9;Issame B.;24;
2;11;9;Issame B.;25;
3;11;9;Issame B.;24;
4;11;9;Issame B.;24;
5;11;9;Issame B.;24;
1;12;9;Issame B.;26;
3;12;9;Issame B.;26;
4;12;9;Issame B.;29;
5;12;9;Issame B.;31;
5;13;9;Issame B.;35;
5;13;9;Issame B.;39;
6;13;9;Issame B.;32;
6;13;9;Issame B.;34;
6;13;9;Issame B.;39;
5;14;9;Issame B.;;Le module manque parfois de fil conducteur.
6;14;9;Issame B.;;Les objectifs du cours ne sont pas assez clairs. On ne comprend pas toujours pourquoi on étudie certaines notions.
5;15;9;Issame B.;;Les notions sont utiles, mais elles gagneraient à être mieux reliées entre elles avec davantage d’exemples appliqués.
6;15;9;Issame B.;;Je trouve que le cours manque de préparation. Certaines séances semblent improvisées et cela se ressent dans la qualité des explications.
2;16;9;Issame B.;;ras
4;16;9;Issame B.;;Les enseignants sont motivants et à l’écoute. On sent qu’ils cherchent vraiment à nous accompagner et à nous faire comprendre les concepts en profondeur.
1;11;8;Florian L.;24;
2;11;8;Florian L.;25;
3;11;8;Florian L.;24;
4;11;8;Florian L.;24;
5;11;8;Florian L.;24;
1;12;8;Florian L.;26;
3;12;8;Florian L.;26;
4;12;8;Florian L.;29;
5;12;8;Florian L.;31;
5;13;8;Florian L.;32;
5;13;8;Florian L.;36;
6;13;8;Florian L.;32;
6;13;8;Florian L.;35;
6;13;8;Florian L.;39;
5;14;8;Florian L.;;Le contenu est pertinent, mais le cours pourrait être plus dynamique.
6;14;8;Florian L.;;Les séances sont souvent longues et peu engageantes. Il est difficile de rester concentré jusqu’au bout.
5;15;8;Florian L.;;Certains passages manquent de clarté et les supports ne suffisent pas toujours à bien comprendre.
6;15;8;Florian L.;;Le niveau demandé n’est pas cohérent avec les explications fournies. On attend beaucoup des élèves sans leur donner assez de moyens pour réussir.
2;16;8;Florian L.;;bofff
4;16;8;Florian L.;;J’ai beaucoup apprécié l’implication des professeurs. Ils rendent les séances dynamiques et accessibles, même lorsque les notions sont complexes.
1;11;7;Cédrine M.;24;
2;11;7;Cédrine M.;25;
3;11;7;Cédrine M.;24;
4;11;7;Cédrine M.;24;
5;11;7;Cédrine M.;24;
1;12;7;Cédrine M.;26;
3;12;7;Cédrine M.;26;
4;12;7;Cédrine M.;29;
5;12;7;Cédrine M.;31;
5;13;7;Cédrine M.;32;
5;13;7;Cédrine M.;35;
5;13;7;Cédrine M.;38;
6;13;7;Cédrine M.;32;
6;13;7;Cédrine M.;35;
6;13;7;Cédrine M.;39;
5;14;7;Cédrine M.;;Le module semble important, mais il est parfois trop théorique.
6;14;7;Cédrine M.;;Je trouve que le contenu du cours n’est pas assez bien organisé. Il est difficile de savoir ce qui est vraiment important à retenir.
5;15;7;Cédrine M.;;Il manque des cas pratiques concrets pour mieux comprendre l’utilité réelle des notions vues en cours.
6;15;7;Cédrine M.;;Les évaluations ne correspondent pas toujours à ce qui a été réellement travaillé en cours, ce qui donne un sentiment d’injustice.
2;16;7;Cédrine M.;;bon
4;16;7;Cédrine M.;;Je suis très satisfait de la qualité des enseignements. Les professeurs sont disponibles, pédagogues et prennent le temps de répondre aux questions. Cela aide beaucoup à progresser.
1;11;7;Daniel B.;24;
2;11;7;Daniel B.;25;
3;11;7;Daniel B.;24;
4;11;7;Daniel B.;24;
5;11;7;Daniel B.;24;
1;12;7;Daniel B.;26;
3;12;7;Daniel B.;26;
4;12;7;Daniel B.;29;
5;12;7;Daniel B.;31;
5;13;7;Daniel B.;32;
5;13;7;Daniel B.;34;
5;13;7;Daniel B.;38;
6;13;7;Daniel B.;32;
6;13;7;Daniel B.;36;
6;13;7;Daniel B.;39;
5;14;7;Daniel B.;;Le module semble important, mais il est parfois trop théorique.
6;14;7;Daniel B.;;Le cours manque d’exemples pratiques. Sans application concrète, les notions restent abstraites et difficiles à assimiler.
5;15;7;Daniel B.;;Il manque des cas pratiques concrets pour mieux comprendre l’utilité réelle des notions vues en cours.
6;15;7;Daniel B.;;Je n’ai pas apprécié la manière dont le cours est mené. Il manque de clarté, de dynamisme et de méthode.
2;16;7;Daniel B.;;rien à dire
4;16;7;Daniel B.;;Les cours sont bien organisés et les enseignants maîtrisent très bien leurs sujets. Les supports sont utiles et les notions importantes sont bien expliquées.
1;11;11;Hannah G.;24;
2;11;11;Hannah G.;25;
3;11;11;Hannah G.;24;
4;11;11;Hannah G.;24;
5;11;11;Hannah G.;24;
1;12;11;Hannah G.;26;
3;12;11;Hannah G.;26;
4;12;11;Hannah G.;29;
5;12;11;Hannah G.;31;
5;13;11;Hannah G.;32;
5;13;11;Hannah G.;38;
6;13;11;Hannah G.;32;
6;13;11;Hannah G.;35;
6;13;11;Hannah G.;39;
5;14;11;Hannah G.;;Le contenu juridique est utile, mais il est difficile à suivre sans synthèse claire.
6;14;11;Hannah G.;;Le cours est trop théorique et pas assez appliqué. Pour apprendre efficacement, il faudrait davantage de pratique guidée.
5;15;11;Hannah G.;;Les notions devraient être mieux hiérarchisées et illustrées par des cas concrets.
6;15;11;Hannah G.;;Je n’ai pas été satisfait de l’accompagnement. Lorsqu’on ne comprend pas, il est difficile d’obtenir une explication claire.
4;16;11;Hannah G.;;Ce cours de qui contient le droits daccès aux donnée RGPD est intéressant.
1;11;11;Joey B. F.;24;
2;11;11;Joey B. F.;25;
3;11;11;Joey B. F.;24;
4;11;11;Joey B. F.;24;
5;11;11;Joey B. F.;24;
1;12;11;Joey B. F.;27;
3;12;11;Joey B. F.;26;
4;12;11;Joey B. F.;29;
5;12;11;Joey B. F.;31;
5;13;11;Joey B. F.;32;
5;13;11;Joey B. F.;39;
6;13;11;Joey B. F.;32;
6;13;11;Joey B. F.;35;
6;13;11;Joey B. F.;39;
5;14;11;Joey B. F.;;Le contenu juridique est utile, mais il est difficile à suivre sans synthèse claire.
6;14;11;Joey B. F.;;Les supports ne sont pas suffisants pour travailler en autonomie. Il manque des exemples, des corrections et des explications détaillées.
5;15;11;Joey B. F.;;Les notions devraient être mieux hiérarchisées et illustrées par des cas concrets.
6;15;11;Joey B. F.;;Je ressors de ce cours avec beaucoup de confusion. Les notions ne sont pas assez bien expliquées pour être réellement maîtrisées.
4;16;11;Joey B. F.;;Ce cours de qui contient le droits daccés aux donnée RGPD est intéressant
1;11;11;Robert R.;24;
2;11;11;Robert R.;25;
3;11;11;Robert R.;24;
4;11;11;Robert R.;24;
5;11;11;Robert R.;24;
1;12;11;Robert R.;26;
3;12;11;Robert R.;26;
4;12;11;Robert R.;29;
5;12;11;Robert R.;31;
5;13;11;Robert R.;32;
5;13;11;Robert R.;37;
6;13;11;Robert R.;32;
6;13;11;Robert R.;39;
5;14;11;Robert R.;;Le contenu juridique est utile, mais il est difficile à suivre sans synthèse claire.
6;14;11;Robert R.;;Le cours manque de lien avec des cas réels. Il est difficile de voir l’intérêt concret de ce qui est enseigné.
5;15;11;Robert R.;;Les notions devraient être mieux hiérarchisées et illustrées par des cas concrets.
6;15;11;Robert R.;;Je trouve que la communication autour du cours est insuffisante. Les attentes, les deadlines et les critères d’évaluation ne sont pas toujours clairs.
4;16;11;Robert R.;;Ce cours de qui contient le droits daccès aux donnée RGPD est intéressant.
1;11;10;Ikram C.;24;
2;11;10;Ikram C.;25;
3;11;10;Ikram C.;24;
4;11;10;Ikram C.;24;
5;11;10;Ikram C.;24;
1;12;10;Ikram C.;26;
3;12;10;Ikram C.;26;
4;12;10;Ikram C.;29;
5;12;10;Ikram C.;31;
5;13;10;Ikram C.;32;
5;13;10;Ikram C.;38;
6;13;10;Ikram C.;32;
6;13;10;Ikram C.;36;
6;13;10;Ikram C.;39;
5;14;10;Ikram C.;;Le sujet est important, mais le cours reste parfois trop général.
6;14;10;Ikram C.;;Les corrections d’exercices ne sont pas assez détaillées. On ne comprend pas toujours nos erreurs ni comment s’améliorer.
5;15;10;Ikram C.;;J’aurais préféré des débats plus structurés et des exemples plus proches de situations professionnelles.
6;15;10;Ikram C.;;Le cours est trop dense par rapport au temps disponible. Il faudrait ralentir le rythme ou mieux prioriser les notions essentielles.
2;16;10;Ikram C.;;jadore la data
4;16;10;Ikram C.;;Lenseignante est très investie et sait rendre les cours intéressants. Les explications sont claires, les exemples sont pertinents et l’ambiance en cours donne envie de participer. Le cours mintéresse bien pour plus tard
1;11;12;Sonia T.;24;
2;11;12;Sonia T.;25;
3;11;12;Sonia T.;24;
4;11;12;Sonia T.;24;
5;11;12;Sonia T.;24;
1;12;12;Sonia T.;26;
3;12;12;Sonia T.;26;
4;12;12;Sonia T.;29;
5;12;12;Sonia T.;30;
5;13;12;Sonia T.;32;
5;13;12;Sonia T.;38;
6;13;12;Sonia T.;32;
6;13;12;Sonia T.;36;
6;13;12;Sonia T.;39;
5;14;12;Sonia T.;;Le thème est intéressant, mais le cours donne parfois l’impression de rester en surface.
6;14;12;Sonia T.;;Les séances manquent de cohérence entre elles. On a parfois l’impression que les chapitres ne sont pas vraiment reliés.
5;15;12;Sonia T.;;Il faudrait davantage de liens avec les métiers de la data et de l’IA.
4;16;12;Sonia T.;;Ce cours qui évoque notament la notion de green IT et de réfléchir à notre planète est intéressant.
1;11;12;Sylvie M.;24;
2;11;12;Sylvie M.;25;
3;11;12;Sylvie M.;24;
4;11;12;Sylvie M.;24;
5;11;12;Sylvie M.;24;
1;12;12;Sylvie M.;26;
3;12;12;Sylvie M.;26;
4;12;12;Sylvie M.;29;
5;12;12;Sylvie M.;31;
5;13;12;Sylvie M.;32;
5;13;12;Sylvie M.;35;
6;13;12;Sylvie M.;32;
6;13;12;Sylvie M.;34;
6;13;12;Sylvie M.;39;
5;14;12;Sylvie M.;;Il faudrait davantage de liens avec les métiers de la data et de l’IA.
6;14;12;Sylvie M.;;Le cours pourrait être intéressant, mais la manière de l’enseigner le rend difficile à suivre et peu motivant.
5;15;12;Sylvie M.;;Le thème est intéressant, mais le cours donne parfois l’impression de rester en surface.
4;16;12;Sylvie M.;;Ce cours qui évoque notament la notion de green IT et de réfléchir à notre planète est intéressant.
1;11;13;Valentin B.;24;
2;11;13;Valentin B.;25;
3;11;13;Valentin B.;24;
4;11;13;Valentin B.;24;
5;11;13;Valentin B.;24;
1;12;13;Valentin B.;26;
3;12;13;Valentin B.;26;
4;12;13;Valentin B.;29;
5;12;13;Valentin B.;31;
5;13;13;Valentin B.;32;
5;13;13;Valentin B.;35;
5;13;13;Valentin B.;38;
6;13;13;Valentin B.;32;
6;13;13;Valentin B.;34;
6;13;13;Valentin B.;39;
5;14;13;Valentin B.;;Le module est original, mais les objectifs ne sont pas toujours évidents.
6;14;13;Valentin B.;;Les exercices proposés ne préparent pas assez bien aux évaluations. Il y a un décalage entre l’entraînement et ce qui est demandé ensuite.
5;15;13;Valentin B.;;J’ai parfois eu du mal à comprendre ce qui était réellement attendu et comment le cours s’intégrait dans la majeure.
4;16;13;Valentin B.;;merci pour ce cours jai appris beaucoup de choses
1;11;16;Domenico M.;24;
2;11;16;Domenico M.;25;
3;11;16;Domenico M.;24;
4;11;16;Domenico M.;24;
5;11;16;Domenico M.;24;
1;12;16;Domenico M.;27;
3;12;16;Domenico M.;26;
4;12;16;Domenico M.;29;
5;12;16;Domenico M.;31;
5;13;16;Domenico M.;32;
5;13;16;Domenico M.;36;
5;13;16;Domenico M.;39;
6;13;16;Domenico M.;32;
6;13;16;Domenico M.;37;
5;14;16;Domenico M.;;Le module est complexe et manque parfois d’accompagnement.
6;14;16;Domenico M.;;Globalement, je suis insatisfait de ce cours. Il manque de clarté, d’organisation et d’exemples concrets pour permettre une bonne compréhension.
5;15;16;Domenico M.;;Les concepts devraient être introduits plus progressivement avec davantage d’exemples simples avant les cas avancés.
4;16;16;Domenico M.;;Trop passioné par ce cours moi qui veut crée mon propre facebook
1;11;15;Guillaume D.;24;
2;11;15;Guillaume D.;25;
3;11;15;Guillaume D.;24;
4;11;15;Guillaume D.;24;
5;11;15;Guillaume D.;24;
1;12;15;Guillaume D.;27;
3;12;15;Guillaume D.;26;
4;12;15;Guillaume D.;29;
5;12;15;Guillaume D.;31;
5;13;15;Guillaume D.;32;
5;13;15;Guillaume D.;33;
5;13;15;Guillaume D.;39;
6;13;15;Guillaume D.;32;
6;13;15;Guillaume D.;38;
6;13;15;Guillaume D.;39;
5;14;15;Guillaume D.;;Le sujet est très utile, mais le cours pourrait être mieux structuré.
6;14;15;Guillaume D.;;Le contenu est présenté de manière trop confuse. Même en étant attentif, il est difficile de suivre le raisonnement.
5;15;15;Guillaume D.;;Les passages entre théorie, outils et pratique ne sont pas toujours assez clairs.
2;16;15;Guillaume D.;;très intéressant pour plus tard
4;16;15;Guillaume D.;;jadore codé ce cours est incroyable.
1;11;17;Abelle C.;24;
2;11;17;Abelle C.;25;
3;11;17;Abelle C.;24;
4;11;17;Abelle C.;24;
5;11;17;Abelle C.;24;
1;12;17;Abelle C.;27;
3;12;17;Abelle C.;26;
4;12;17;Abelle C.;29;
5;12;17;Abelle C.;31;
5;13;17;Abelle C.;33;
5;13;17;Abelle C.;38;
6;13;17;Abelle C.;35;
6;13;17;Abelle C.;39;
5;14;17;Abelle C.;;Le module est intéressant, mais parfois difficile à suivre.
6;14;17;Abelle C.;;Je n’ai pas été satisfait de l’accompagnement. Lorsqu’on ne comprend pas, il est difficile d’obtenir une explication claire.
5;15;17;Abelle C.;;Les liens entre télédétection, vision par ordinateur et machine learning pourraient être mieux expliqués.
4;16;17;Abelle C.;;ce cours est incroyable qui est très utile pour faire de lIA santé.
1;11;17;Antoine G.;24;
2;11;17;Antoine G.;25;
3;11;17;Antoine G.;24;
4;11;17;Antoine G.;25;
5;11;17;Antoine G.;24;
1;12;17;Antoine G.;28;
3;12;17;Antoine G.;26;
5;12;17;Antoine G.;31;
6;13;17;Antoine G.;34;
6;13;17;Antoine G.;35;
6;14;17;Antoine G.;;Je n’ai pas apprécié la manière dont le cours est mené. Il manque de clarté, de dynamisme et de méthode.
2;16;17;Antoine G.;;bon cours et bon prof
4;16;17;Antoine G.;;ce cours est incroyable qui est très utile pour faire de lIA automobile.
1;11;14;Abdoul Salam D.;24;
2;11;14;Abdoul Salam D.;25;
3;11;14;Abdoul Salam D.;24;
4;11;14;Abdoul Salam D.;24;
5;11;14;Abdoul Salam D.;24;
1;12;14;Abdoul Salam D.;28;
3;12;14;Abdoul Salam D.;26;
4;12;14;Abdoul Salam D.;29;
5;12;14;Abdoul Salam D.;31;
5;13;14;Abdoul Salam D.;33;
5;13;14;Abdoul Salam D.;35;
5;13;14;Abdoul Salam D.;39;
6;13;14;Abdoul Salam D.;32;
6;13;14;Abdoul Salam D.;35;
6;13;14;Abdoul Salam D.;39;
5;14;14;Abdoul Salam D.;;ras
6;14;14;Abdoul Salam D.;;Je trouve que le cours manque de pédagogie. Il faudrait prendre plus de temps pour expliquer les bases avant d’aller vers des notions avancées.
5;15;14;Abdoul Salam D.;;ras
4;16;14;Abdoul Salam D.;;merci pour ce cours jai appris beaucoup de choses
1;11;20;Louis G.;24;
2;11;20;Louis G.;25;
3;11;20;Louis G.;25;
4;11;20;Louis G.;24;
5;11;20;Louis G.;24;
1;12;20;Louis G.;27;
4;12;20;Louis G.;29;
5;12;20;Louis G.;31;
5;13;20;Louis G.;32;
5;13;20;Louis G.;35;
5;13;20;Louis G.;39;
6;13;20;Louis G.;32;
6;13;20;Louis G.;35;
5;14;20;Louis G.;;Le module est utile sur le principe, mais il pourrait être plus concret.
6;14;20;Louis G.;;Le cours manque clairement de structure. On passe d’un sujet à l’autre sans vraie logique, ce qui rend la compréhension très difficile.
5;15;20;Louis G.;;Certaines séances donnent l’impression d’être trop générales par rapport aux besoins réels des étudiants.
1;12;18;Olivier D.;28;
3;12;18;Olivier D.;26;
4;12;18;Olivier D.;29;
5;12;18;Olivier D.;31;
5;13;18;Olivier D.;32;
5;13;18;Olivier D.;35;
5;13;18;Olivier D.;39;
6;13;18;Olivier D.;32;
6;13;18;Olivier D.;39;
5;14;18;Olivier D.;;L’accompagnement agile pourrait être plus régulier et plus concret.
6;14;18;Olivier D.;;Je suis globalement déçu par ce cours. Je n’ai pas eu l’impression de progresser malgré le temps passé dessus.
5;15;18;Olivier D.;;Les retours sont parfois trop généraux et ne permettent pas toujours d’améliorer efficacement l’organisation du projet.
4;16;18;Olivier D.;;Notre projet de Semestre avec google cest très bien passé :)
1;12;19;Thalita D.;27;
3;12;19;Thalita D.;26;
4;12;19;Thalita D.;29;
5;12;19;Thalita D.;31;
5;13;19;Thalita D.;32;
5;13;19;Thalita D.;38;
5;13;19;Thalita D.;39;
6;13;19;Thalita D.;35;
6;13;19;Thalita D.;39;
5;14;19;Thalita D.;;Le suivi technique est utile, mais il pourrait être plus approfondi.
6;14;19;Thalita D.;;Les évaluations ne correspondent pas toujours à ce qui a été réellement travaillé en cours, ce qui donne un sentiment d’injustice.
5;15;19;Thalita D.;;J’aurais aimé avoir des retours plus précis sur les choix techniques et les difficultés rencontrées.
4;16;19;Thalita D.;;Notre projet de Semestre avec google cest très bien passé :)
1;17;;;;9
2;17;;;;10
3;17;;;;10
4;17;;;;2
6;17;;;;1
